seed,feature_set,accuracy_pct,mcnemar_p_humidity_fusion_B_vs_A,mcnemar_p_normalization_D_vs_C
0,A. Primary 3-MOS (n=450),90.6667,,
0,B. Primary 3-MOS + humidity (n=450),99.1111,1.94671e-09,
0,C. Ablation raw voltage (n=245),87.3469,,
0,D. Ablation Rs/R0 (n=245),84.4898,,0.360196
1,A. Primary 3-MOS (n=450),89.3333,,
1,B. Primary 3-MOS + humidity (n=450),99.3333,5.41216e-11,
1,C. Ablation raw voltage (n=245),86.9388,,
1,D. Ablation Rs/R0 (n=245),83.2653,,0.243243
2,A. Primary 3-MOS (n=450),90.4444,,
2,B. Primary 3-MOS + humidity (n=450),99.5556,1.06106e-09,
2,C. Ablation raw voltage (n=245),85.3061,,
2,D. Ablation Rs/R0 (n=245),81.6327,,0.243243
3,A. Primary 3-MOS (n=450),90.2222,,
3,B. Primary 3-MOS + humidity (n=450),99.5556,2.50886e-10,
3,C. Ablation raw voltage (n=245),85.3061,,
3,D. Ablation Rs/R0 (n=245),84.8980,,1
4,A. Primary 3-MOS (n=450),90.2222,,
4,B. Primary 3-MOS + humidity (n=450),99.3333,4.18544e-10,
4,C. Ablation raw voltage (n=245),87.3469,,
4,D. Ablation Rs/R0 (n=245),81.6327,,0.0714235
5,A. Primary 3-MOS (n=450),89.5556,,
5,B. Primary 3-MOS + humidity (n=450),99.3333,2.29759e-10,
5,C. Ablation raw voltage (n=245),85.7143,,
5,D. Ablation Rs/R0 (n=245),82.8571,,0.381471
6,A. Primary 3-MOS (n=450),90.4444,,
6,B. Primary 3-MOS + humidity (n=450),99.1111,6.83433e-09,
6,C. Ablation raw voltage (n=245),85.7143,,
6,D. Ablation Rs/R0 (n=245),84.4898,,0.770493
7,A. Primary 3-MOS (n=450),90.2222,,
7,B. Primary 3-MOS + humidity (n=450),99.1111,1.7677e-09,
7,C. Ablation raw voltage (n=245),87.3469,,
7,D. Ablation Rs/R0 (n=245),80.8163,,0.037514
8,A. Primary 3-MOS (n=450),90.8889,,
8,B. Primary 3-MOS + humidity (n=450),99.3333,1.94671e-09,
8,C. Ablation raw voltage (n=245),85.7143,,
8,D. Ablation Rs/R0 (n=245),79.1837,,0.0338949
9,A. Primary 3-MOS (n=450),89.7778,,
9,B. Primary 3-MOS + humidity (n=450),99.5556,9.02187e-11,
9,C. Ablation raw voltage (n=245),85.3061,,
9,D. Ablation Rs/R0 (n=245),80.4082,,0.127153
