Part,Qty,Supplier,Unit USD,Line USD,Role
"Raspberry Pi 5, 1 GB",1,PiShop / approved reseller,45.00,45.00,compute module
"Power supply, 5 V 3 A USB-C (generic)",1,AliExpress,4.00,4.00,
"microSD card, 32 GB",1,AliExpress,4.00,4.00,
ADS1115 16-bit I2C ADC,1,AliExpress,2.00,2.00,reads the three MOS dividers
MQ-3 breakout,1,AliExpress,1.30,1.30,alcohols
MQ-9 breakout,1,AliExpress,1.50,1.50,"combustible aliphatics, CO"
MQ-135 breakout,1,AliExpress,1.50,1.50,"air quality, NH3"
BME680 breakout (generic),1,AliExpress,6.50,6.50,"temperature, relative humidity"
CCS811 breakout (generic),1,AliExpress,5.00,5.00,"eCO2, TVOC; logged, excluded from analysis"
"Fan, 2-pin",1,AliExpress,1.20,1.20,active purge exhaust
Momentary push button,1,AliExpress,0.25,0.25,trial start
Breadboard and jumper wires,1,AliExpress,2.50,2.50,
"PETG filament, 750 g",1,"AliExpress, $11/kg",8.25,8.25,chamber print; $0.011/g
TOTAL,,,,83.00,
